<?xml version="1.0" encoding="utf-8"?>
<!--/2101899/1126215/2.50/8/4/Relay or Contactor/-->
<quadcept_library>
  <setting unit="mil" />
  <textstyle name="Default" height="47.244094488189" strokewidth="7.8740157480315" charwidth="47.244094488189" />
  <textstyle name="Dimension" height="19.6850393700787" strokewidth="0" charwidth="19.6850393700787" />
  <textstyle name="H127W0635TH00762" height="50" strokewidth="3" charwidth="25" />
  <textstyle name="H15W15TH02" height="59.0551181102362" strokewidth="7.8740157480315" charwidth="59.0551181102362" />
  <padstyle name="c150_h100" surface="False" plated="True" isvia="False" nopaste="True" nomask="True" complex="False" holesize="39.370078740157">
    <padshape layer="TOP" shape="round" width="59.055118110235" height="59.055118110235" />
    <padshape layer="TOP_SOLDER_MASK" shape="round" width="66.929133858267" height="66.929133858267" />
    <padshape layer="INNER" shape="round" width="59.055118110235" height="59.055118110235" />
    <padshape layer="BOTTOM" shape="round" width="59.055118110235" height="59.055118110235" />
    <padshape layer="BOTTOM_SOLDER_MASK" shape="round" width="66.929133858267" height="66.929133858267" />
  </padstyle>
  <footprint name="ATX209" originx="0" originy="0" pickpointx="0" pickpointy="0">
    <pcbpin number="1" name="1" style="c150_h100" originx="0" originy="0" rotation="90" />
    <pcbpin number="2" name="3" style="c150_h100" originx="200" originy="0" rotation="90" />
    <pcbpin number="3" name="4" style="c150_h100" originx="300" originy="0" rotation="90" />
    <pcbpin number="4" name="5" style="c150_h100" originx="400" originy="0" rotation="90" />
    <pcbpin number="5" name="8" style="c150_h100" originx="400" originy="200" rotation="90" />
    <pcbpin number="6" name="9" style="c150_h100" originx="300" originy="200" rotation="90" />
    <pcbpin number="7" name="10" style="c150_h100" originx="200" originy="200" rotation="90" />
    <pcbpin number="8" name="12" style="c150_h100" originx="0" originy="200" rotation="90" />
    <line layer="TOP_ASSEMBLY" originx="-45.275590551181" originy="245.66929133858" endx="545.27559055117" endy="245.66929133858" width="7.8740157480314" />
    <line layer="TOP_ASSEMBLY" originx="545.27559055117" originy="245.66929133858" endx="545.27559055117" endy="-45.669291338582" width="7.8740157480314" />
    <line layer="TOP_ASSEMBLY" originx="545.27559055117" originy="-45.669291338582" endx="-45.275590551181" endy="-45.669291338582" width="7.8740157480314" />
    <line layer="TOP_ASSEMBLY" originx="-45.275590551181" originy="-45.669291338582" endx="-45.275590551181" endy="245.66929133858" width="7.8740157480314" />
    <line layer="TOP_SILKSCREEN" originx="-45.275590551181" originy="-45.669291338582" endx="545.27559055117" endy="-45.669291338582" width="3.9370078740157" />
    <line layer="TOP_SILKSCREEN" originx="545.27559055117" originy="-45.669291338582" endx="545.27559055117" endy="245.66929133858" width="3.9370078740157" />
    <line layer="TOP_SILKSCREEN" originx="545.27559055117" originy="245.66929133858" endx="-45.275590551181" endy="245.66929133858" width="3.9370078740157" />
    <line layer="TOP_SILKSCREEN" originx="-45.275590551181" originy="245.66929133858" endx="-45.275590551181" endy="-45.669291338582" width="3.9370078740157" />
    <line layer="TOP_PLACE_BOUND" originx="-157.48031496063" originy="-85.039370078739" endx="584.64566929133" endy="-85.039370078739" width="3.9370078740157" />
    <line layer="TOP_PLACE_BOUND" originx="584.64566929133" originy="-85.039370078739" endx="584.64566929133" endy="285.03937007874" width="3.9370078740157" />
    <line layer="TOP_PLACE_BOUND" originx="584.64566929133" originy="285.03937007874" endx="-157.48031496063" endy="285.03937007874" width="3.9370078740157" />
    <line layer="TOP_PLACE_BOUND" originx="-157.48031496063" originy="285.03937007874" endx="-157.48031496063" endy="-85.039370078739" width="3.9370078740157" />
    <line layer="TOP_SILKSCREEN" originx="-118.11023622047" originy="0" endx="-118.11023622047" endy="0" width="7.8740157480314" />
    <arc layer="TOP_SILKSCREEN" originx="-120.07874015748" originy="0" startangle="180.0" sweepangle="180.0" radius="-1.9685039370079" width="7.8740157480314" />
    <line layer="TOP_SILKSCREEN" originx="-114.17322834646" originy="0" endx="-114.17322834646" endy="0" width="7.8740157480314" />
    <arc layer="TOP_SILKSCREEN" originx="-120.07874015748" originy="0" startangle=".0" sweepangle="180.0" radius="-1.9685039370079" width="7.8740157480314" />
    <line layer="TOP_SILKSCREEN" originx="-118.11023622047" originy="0" endx="-118.11023622047" endy="0" width="7.8740157480314" />
    <arc layer="TOP_SILKSCREEN" originx="-120.07874015748" originy="0" startangle="180.0" sweepangle="180.0" radius="-1.9685039370079" width="7.8740157480314" />
  </footprint>
  <symbol name="ATX209" originx="0" originy="0">
    <line originx="200" originy="100" endx="1000" endy="100" width="0" />
    <line originx="1000" originy="-400" endx="1000" endy="100" width="0" />
    <line originx="1000" originy="-400" endx="200" endy="-400" width="0" />
    <line originx="200" originy="100" endx="200" endy="-400" width="0" />
    <sympin number="1" originx="200" originy="0" rotation="180" length="100" width="7.8740157480315" flipped="False">
      <text name="pinname" originx="230" originy="0" style="Default" rotation="0" justify="left" flipped="False" hidden="False" data="+" />
      <text name="pindes" originx="140" originy="20" style="Default" rotation="0" justify="lowerright" flipped="False" hidden="False" data="1" />
    </sympin>
    <sympin number="3" originx="200" originy="-100" rotation="180" length="100" width="7.8740157480315" flipped="False">
      <text name="pinname" originx="230" originy="-100" style="Default" rotation="0" justify="left" flipped="False" hidden="False" data="NC_1" />
      <text name="pindes" originx="140" originy="-80" style="Default" rotation="0" justify="lowerright" flipped="False" hidden="False" data="3" />
    </sympin>
    <sympin number="4" originx="200" originy="-200" rotation="180" length="100" width="7.8740157480315" flipped="False">
      <text name="pinname" originx="230" originy="-200" style="Default" rotation="0" justify="left" flipped="False" hidden="False" data="COM_1" />
      <text name="pindes" originx="140" originy="-180" style="Default" rotation="0" justify="lowerright" flipped="False" hidden="False" data="4" />
    </sympin>
    <sympin number="5" originx="200" originy="-300" rotation="180" length="100" width="7.8740157480315" flipped="False">
      <text name="pinname" originx="230" originy="-300" style="Default" rotation="0" justify="left" flipped="False" hidden="False" data="NO_1" />
      <text name="pindes" originx="140" originy="-280" style="Default" rotation="0" justify="lowerright" flipped="False" hidden="False" data="5" />
    </sympin>
    <sympin number="8" originx="1000" originy="-300" rotation="0" length="100" width="7.8740157480315" flipped="False">
      <text name="pinname" originx="970" originy="-300" style="Default" rotation="0" justify="right" flipped="False" hidden="False" data="NO_2" />
      <text name="pindes" originx="1060" originy="-280" style="Default" rotation="0" justify="lowerleft" flipped="False" hidden="False" data="8" />
    </sympin>
    <sympin number="9" originx="1000" originy="-200" rotation="0" length="100" width="7.8740157480315" flipped="False">
      <text name="pinname" originx="970" originy="-200" style="Default" rotation="0" justify="right" flipped="False" hidden="False" data="COM_2" />
      <text name="pindes" originx="1060" originy="-180" style="Default" rotation="0" justify="lowerleft" flipped="False" hidden="False" data="9" />
    </sympin>
    <sympin number="10" originx="1000" originy="-100" rotation="0" length="100" width="7.8740157480315" flipped="False">
      <text name="pinname" originx="970" originy="-100" style="Default" rotation="0" justify="right" flipped="False" hidden="False" data="NC_2" />
      <text name="pindes" originx="1060" originy="-80" style="Default" rotation="0" justify="lowerleft" flipped="False" hidden="False" data="10" />
    </sympin>
    <sympin number="12" originx="1000" originy="0" rotation="0" length="100" width="7.8740157480315" flipped="False">
      <text name="pinname" originx="970" originy="0" style="Default" rotation="0" justify="right" flipped="False" hidden="False" data="-" />
      <text name="pindes" originx="1060" originy="20" style="Default" rotation="0" justify="lowerleft" flipped="False" hidden="False" data="12" />
    </sympin>
  </symbol>
  <component name="ATX209" designatorprefix="K" height="322.83464566929" footprint="ATX209">
    <comppin designator="1" sympin="1" pinswap="0" gateswap="0" gate="1" group="1" side="" type="Any" name="+" />
    <comppin designator="3" sympin="3" pinswap="0" gateswap="0" gate="1" group="1" side="" type="Any" name="NC_1" />
    <comppin designator="4" sympin="4" pinswap="0" gateswap="0" gate="1" group="1" side="" type="Any" name="COM_1" />
    <comppin designator="5" sympin="5" pinswap="0" gateswap="0" gate="1" group="1" side="" type="Any" name="NO_1" />
    <comppin designator="8" sympin="8" pinswap="0" gateswap="0" gate="1" group="1" side="" type="Any" name="NO_2" />
    <comppin designator="9" sympin="9" pinswap="0" gateswap="0" gate="1" group="1" side="" type="Any" name="COM_2" />
    <comppin designator="10" sympin="10" pinswap="0" gateswap="0" gate="1" group="1" side="" type="Any" name="NC_2" />
    <comppin designator="12" sympin="12" pinswap="0" gateswap="0" gate="1" group="1" side="" type="Any" name="-" />
    <attached_symbol gate="1" name="ATX209" />
    <pinmap designator="1" footprintpin="1" />
    <pinmap designator="3" footprintpin="2" />
    <pinmap designator="4" footprintpin="3" />
    <pinmap designator="5" footprintpin="4" />
    <pinmap designator="8" footprintpin="5" />
    <pinmap designator="9" footprintpin="6" />
    <pinmap designator="10" footprintpin="7" />
    <pinmap designator="12" footprintpin="8" />
    <text name="Datasheet" originx="0" originy="0" style="Default" rotation="0" justify="" flipped="False" hidden="True" data="https://pdf1.alldatasheet.com/datasheet-pdf/view/117941/NAIS/TX2-5V.html" />
    <text name="Description" originx="0" originy="0" style="Default" rotation="0" justify="" flipped="False" hidden="True" data="Panasonic DPDT Non-Latching Relay PCB Mount, 5V dc Coil, 2 A" />
    <text name="Mouser Part Number" originx="0" originy="0" style="Default" rotation="0" justify="" flipped="False" hidden="True" data="" />
    <text name="Mouser Price/Stock" originx="0" originy="0" style="Default" rotation="0" justify="" flipped="False" hidden="True" data="" />
    <text name="Manufacturer_Name" originx="0" originy="0" style="Default" rotation="0" justify="" flipped="False" hidden="True" data="Panasonic" />
    <text name="Manufacturer_Part_Number" originx="1050" originy="200" style="Default" rotation="0" justify="left" flipped="False" hidden="False" data="ATX209" />
  </component>
</quadcept_library>
